-- GRP6_____Customer

INSERT INTO  grp6_____customer VALUES(601,'Dhanush','Kumar','Male','1991-10-11',29,'dhanush@gmail.com',981274511,'Banglore');
INSERT INTO  grp6_____customer VALUES(602,'Raghu','Prasad','Male','2000-08-06',21,'raghu@gmail.com',729312123,'Bangalore');
INSERT INTO  grp6_____customer VALUES(603,'Naveen','Devang','Male','2000-1-04',20,'naveen@gmail.com',808323321,'Bangalore');
INSERT INTO  grp6_____customer VALUES(604,'Palshini','L','Female','2000-08-25',20,'palshini@yahoo.com',921313074,'Durga');
INSERT INTO  grp6_____customer VALUES(605,'Nisheer','Venkatesh','Male','1999-9-9',21,'nisheer@yahoo.com',770239950,'Jayanagar');
INSERT INTO  grp6_____customer VALUES(606,'Arun','K','Male','1996-02-15',24,'Arun1234@yahoo.com',963852741,'Mysore');
INSERT INTO  grp6_____customer VALUES(607,'pavan','kumar','Male','1993-10-11',27,'Pn12342gmail.com',789456230,'udupi');
INSERT INTO  grp6_____customer VALUES(608,'Vivek','S','Male','1985-12-18',35,'Viveks@gmail.com',741852360,'hubli');
INSERT INTO  grp6_____customer VALUES(609,'Parveeez','A','Male','1998-7-26',18,'AqtarP@yahoo.com',963245870,'Shimogga');
INSERT INTO  grp6_____customer VALUES(610,'Anjali','sharma','female','1995-9-17',25,'AnjaliSharma@gmail.com',752369014,'Mumbai');
INSERT INTO  grp6_____customer VALUES(611,'Ram','tripati','Male','1990-1-24',30,'ram321456@yahoo.com',87459012,'mandya');
INSERT INTO  grp6_____customer VALUES(612,'Aishwarya','prasad','female','2000-5-8',20,'Aish@gmail.com',952347860,'Bangalore');
INSERT INTO  grp6_____customer VALUES(613,'kevin','r','male','1994-8-5',26, 'Kel@gmail.com',7895120,'Bangalore');
INSERT INTO  grp6_____customer VALUES(614,'Rajan','m','male','1992-7-6',28,'R123@yahoo.com',87563014,'Manglore');
INSERT INTO  grp6_____customer VALUES(615,'sahana','bharadwaj','female','2001-1-28',19,'Sahana@gmail.com',9856271,'Dharwad');


-- GRP6_____INCIDENT

INSERT INTO grp6_____incident VALUES('6000','2000-8-16','Hyderbad-Highway',null,3,'20%');
INSERT INTO grp6_____incident VALUES('6002','2001-12-6','Banglore',2,null,'80%');
INSERT INTO grp6_____incident VALUES('6003','2005-8-8','manglore',1,2,'55%');
INSERT INTO grp6_____incident VALUES('6004','2010-9-15','Mysore-road',null,3,'50%');
INSERT INTO grp6_____incident VALUES('6005','2008-11-7','Bellary',2,5,'65%');
INSERT INTO grp6_____incident VALUES('6006','2007-8-10','mumbai-highway',4,null,'100%');
INSERT INTO grp6_____incident VALUES('6007','2006-7-8','Banglore',null,5,'40%');
INSERT INTO grp6_____incident VALUES('6008','1998-6-13','karwar',5,null,'95%');
INSERT INTO grp6_____incident VALUES('6009','2012-8-5','Devanahalli',1,1,'70%');
INSERT INTO grp6_____incident VALUES('6010','2015-3-27','mandya',null,3,'60%');
INSERT INTO grp6_____incident VALUES('6011','2016-9-23','Banglore',4,null,'85%');
INSERT INTO grp6_____incident VALUES('6012','2003-12-10','pune-highway',null,2,'75%');
INSERT INTO grp6_____incident VALUES('6013','2018-5-8','chennai-road',6,2,'90%');
INSERT INTO grp6_____incident VALUES('6014','2019-5-25','ooty',null,null,'10%');
INSERT INTO grp6_____incident VALUES('6015','2019-9-17','banglore',null,4,'50%');



-- GRP6_____VEHICLE

insert into grp6_____vehicle values(60001,'KA04BE1067',60000001,1100000,'SUV','BMW','6092ATX21091',2017,601);
insert into grp6_____vehicle values(60002,'KA01A7980',60000002,5200000,'Sedan','HUMMER','6002WKA10297',2020,602);
insert into grp6_____vehicle values(60003,'KA02X9901',60000003,11150000,'Sports','Ferrari','6200IPS90123',2019,602);
insert into grp6_____vehicle values(60004,'KA03AA0324',60000004,2250000,'Hatchback','Audi','6199GPO19230',2018,603);
insert into grp6_____vehicle values(60005,'KA63MC9238',60000005,4900000,'Coupe','MARUTHI','6702BNL09875',2019,603);
insert into grp6_____vehicle values(60006,'KA07EB98',60000006,4900000,'4x4','AUDI','6902RTY789',2005,604);
insert into grp6_____vehicle values(60007,'KA50TE789',60000007,600000,'MINIVAN','WOLKSWAGAN','6808YYYY8930',2010,605);
insert into grp6_____vehicle values(60008,'KA25ll8962',60000008,4500000,'suv','BENZ','6100RRRW751',2011,606);
insert into grp6_____vehicle values(60009,'KA14EV7852',60000009,5000000,'SEDAN','TOYOTO','6000PYIT5210',2018,607);
insert into grp6_____vehicle values(60010,'KA10OJ89631',600000010,789000,'sedan','HONDA','6001PERT5632',2016,608);
insert into grp6_____vehicle values(60011,'KA17YY9856',600000011,985632,'sports','TOYOTO','6178POLFJ458',2017,609);
insert into grp6_____vehicle values(60012,'KA19OY7896',600000012,80000000,'coupe','MAHINDRA','6888ERTY2000',2010,610);
insert into grp6_____vehicle values(60013,'KA18LO8963',600000013,550000,'OFFROAD','PORSHE','6223DHDD7888',2005,611);
insert into grp6_____vehicle values(60014,'KA21PP8964',600000014,7890000,'4x4 ','mahindra','6850FDFS4521',2020,612);
insert into grp6_____vehicle values(60015,'KA40EB3250',600000015,96300000,'minivan','BMW','6097MNBV7800',2019,613);
insert into grp6_____vehicle values(60016,'KA44IO30',600000016,9800000,'minivan','MG','9630KK7410',2019,614);
insert into grp6_____vehicle values(60017,'KA46CC320',600000017,9600000,'4x4','BMW','7410VB9630',2009,615);


-- GRP6_____NEW_CUSTOMER

insert into  grp6_____new_customer values(6100,'Thanoj','G','male','1990-6-4',30,'Thanoj2gmail.com',96385274,'Banglore');
insert into  grp6_____new_customer values(6101,'mohan','raj','male','2000-8-14',20,'mohan1265gmail.com',98520136,'Hassan');
insert into  grp6_____new_customer values(6102,'charan','yogi','male','1995-10-30',25,'cherrygmail.com',745632189,'Tumkur');
insert into  grp6_____new_customer values(6103,'Ashika','ranganath','female','2000-8-6',20,'ashugmail.com',986523147,'Banglore');



-- GRP6_____APPLICATION_FOR_NEW_CUSTOMER

insert into  grp6_____application_for_new_customer values(6110,'Thanoj','G',30,'Banglore',96385274,'hummer','4x4','GMC',2020,'66HHH09','Premium',5,6100);
insert into  grp6_____application_for_new_customer values(6111,'mohan','raj',20,'Hassan',98520136,'Thar','sedan','Mahindra',2000,'666II8','Standard',10,6101);
insert into  grp6_____application_for_new_customer values(6122,'charan','yogi',25,'Tumkur',745632189,'Accord','sedan','honda',1995,'666OP96','standard',10,6102);
insert into  grp6_____application_for_new_customer values(6133,'Ashika','ranganath',20,'Banglore',986523147,'sonet','coupe','KIA',2020,'606LL5','Premium',5,6103);




-- GRP6_____INCIDENT__REPORT

insert into grp6_____incident_report values(60000,'Rear-End Collisions','Ravi kumar','50000','Driver suddenly got panic and stopped the vehicle it caused the accident',6000,601);
insert into grp6_____incident_report values(61000,'Single Vehicle Crashes','Soman dev','60000','collisions with animals',6002,602);
insert into grp6_____incident_report values(62000,'Drunken-drive','Ronit ROY','450000','Driver was drunken',6003,603);
insert into grp6_____incident_report values(63000,'Head-on collisions','DEVA','90000','Two vehicles hitted each other',6004,603);
insert into grp6_____incident_report values(64000,'tire-blast','AJAY SINGH','780000','Tire was too old soit got bursted',6005,602);
insert into grp6_____incident_report values(65000,'Brake-failure','Shyam','600000','while driving water bottle fell below the break,so he couldnt press the brake',6006,606);
insert into grp6_____incident_report values(66000,'T-Bone Accidents','Pradhu','986000','accident occured when driver crashed the car into the side of another vehicle',6007,607);
insert into grp6_____incident_report values(67000,'Drunken-drive','Shiv kumar','7800000','Drunken drive',6008,608);
insert into grp6_____incident_report values(68000,'Fire','Yash','350000','Temparature was too high and coolant was not suffie=cient to maintain temparature',6009,609);
insert into grp6_____incident_report values(69000,'Car Rollover','Vijay','930000','Driver was at top speed so vehicle got rolled over',6010,610);
insert into grp6_____incident_report values(610000,'Mechanical repiar','Vivek','980000','Engine got some mechanical problem',6011,611);
insert into grp6_____incident_report values(611000,'multiple vehicle collision','Varun ','789000','multiple vehicles collided',6012,612);
insert into grp6_____incident_report values(612000,'Side collision','karthik','963000',' some debrie was there in the middle of the road so driver sudddenly turned the car and collided with another car',6013,613);
insert into grp6_____incident_report values(613000,'Dent','Prerana','7895555','Car got dent while driver taking reverse',6014,614);
insert into grp6_____incident_report values(614000,'Traffic colission ','Aadya','785000','Driver crashed his car with another car in traffic',6015,615);



-- GRP6_____INSURANCE_COMPANY

insert into grp6_____insurance_company values (6201,'United India Insurance, Vehicle Insurance','Bengaluru, Karnataka',98745631,'UI@gmail.com','https://uiic.co.in/','60000',null);
insert into grp6_____insurance_company values (6202,'United India Insurance, Vehicle Insurance','Bengaluru, Karnataka',98745631,'UI@gmail.com','https://uiic.co.in/','69000',null);
insert into grp6_____insurance_company values (6203,'United India Insurance, Vehicle Insurance','Bengaluru, Karnataka',98745631,'UI@gmail.com','https://uiic.co.in/','610000','6110');
insert into grp6_____insurance_company values (6204,'ICICI insurance company','Mysore, Karnataka',9856324,'ICICI@gmail.com','https://ICICI.co.in/','612000','6111');
insert into grp6_____insurance_company values (6205,'IFFCO insurance','Hyferbad,Andra',9855220,'IFFCO@gmail.com','https://IFFCO.co.in/','611000',null);
insert into grp6_____insurance_company values (6206,'HDFC insurance','Mumbai maharastra',98563247,'HDFC@yahoo.com','wwww.HDFC.com/','61000',null);
insert into grp6_____insurance_company values (6207,'HDFC insurance','Mumbai maharastra',98563247,'HDFC@yahoo.com','wwww.HDFC.com/','65000',6122);
insert into grp6_____insurance_company values (6208,'HDFC insurance','Mumbai maharastra',98563247,'HDFC@yahoo.com','wwww.HDFC.com/','64000',null);
insert into grp6_____insurance_company values (6209,'HDFC insurance','Mumbai maharastra',98563247,'HDFC@yahoo.com','wwww.HDFC.com/','68000',null);
insert into grp6_____insurance_company values (6210,'TATA insurance','Hubli, Karnataka',985674123,'Tata@tata.com','https://TATA.co.in/','63000','6133');
insert into grp6_____insurance_company values (6211,'TATA insurance','Hubli, Karnataka',985674123,'Tata@tata.com','https://TATA.co.in/','62000',null);
insert into grp6_____insurance_company values (6212,'TATA insurance','Hubli, Karnataka',985674123,'Tata@tata.com','https://TATA.co.in/','66000',null);
insert into grp6_____insurance_company values (6213,'TATA insurance','Hubli, Karnataka',985674123,'Tata@tata.com','https://TATA.co.in/','67000',null);
insert into grp6_____insurance_company values (6214,'Bharathi AXA ','Delhi ',99998875,'Bharathi@AXA.com','WWW.Bharathi.co.in/','614000',null);
insert into grp6_____insurance_company values (6215,'Bajaj Allianz','Bengaluru, Karnataka',99998875,'Bajaj@gmail.com','https://Bajaaj.co.in/','613000',null);



-- GRP6_____DEPARTMENT

insert into grp6_____department values(6000001,'Legal department and claim department','kumar',6201);
insert into grp6_____department values(6000002,'Legal department and claim department','kumar',6202);
insert into grp6_____department values(6000003,'Legal department and claim department','kumar',6203);

insert into grp6_____department values(6000004,'claim department','Robert',6204);
insert into grp6_____department values(6000005,'Medical department','Kiran',6205);

insert into grp6_____department values(6000006,'claim department and legal department','Ashwin',6206);
insert into grp6_____department values(6000007,'claim department and legal department','Ashwin',6207);
insert into grp6_____department values(6000008,'claim department and legal department','Ashwin',6208);
insert into grp6_____department values(6000009,'claim department and legal department','Ashwin',6209);

insert into grp6_____department values(60000010,'Accounting department','Prashanth',6210);
insert into grp6_____department values(60000011,'Accounting department','Prashanth',6211);
insert into grp6_____department values(60000012,'Accounting department','Prashanth',6212);
insert into grp6_____department values(60000013,'Accounting department','Prashanth',6212);

insert into grp6_____department values(60000014,'marketing department','Vikram','6208');
insert into grp6_____department values(60000015,'Audit department','Sara',6207);



-- GRP6_____SERVICE_STATION

insert into grp6_____service_station values('ABK service station','Banglore',987456321,'Abhi','Legal department and Claim department');
insert into grp6_____service_station values('Carz','Hubli',78965413,'Tharun','Claim department');
insert into grp6_____service_station values('Carz','Manglore',963147852,'Arun','claim department and legal department');
insert into grp6_____service_station values('XYZ','Dharwad',985632147,'Raj','Marketing department');



-- GRP6_____PREMIUM_PAYMENT

insert into grp6_____premium_payment values(6301,60000001,500000,'2020-12-11',101,601,60001);
insert into grp6_____premium_payment values(6302,60000002,0,'2021-9-10',102,602,60002);
insert into grp6_____premium_payment values(6303,60000003,0,'2022-8-21',103,603,60005);
insert into grp6_____premium_payment values(6304,60000004,6000000,'2023-4-24',104,604,60006);
insert into grp6_____premium_payment values(6305,60000005,700000,'2024-2-1',105,605,60007);
insert into grp6_____premium_payment values(6306,60000006,750000,'2025-1-1',106,606,60008);
insert into grp6_____premium_payment values(6307,60000007,0,'2021-1-18',107,607,60009);
insert into grp6_____premium_payment values(6308,60000008,900000,'2024-2-17',108,608,60010);
insert into grp6_____premium_payment values(6309,60000009,1000000,'2023-7-31',109,609,60011);
insert into grp6_____premium_payment values(6310,600000010,0,'2026-6-21',110,610,60012);
insert into grp6_____premium_payment values(6311,600000011,300000,'2025-5-18',111,611,60013);
insert into grp6_____premium_payment values(6312,600000012,0,'2022-10-14',112,612,60014);
insert into grp6_____premium_payment values(6313,600000013,0,'2020-11-1',113,613,60015);
insert into grp6_____premium_payment values(6314,600000014,550000,'2024-3-19',114,614,60016);
insert into grp6_____premium_payment values(6315,600000015,0,'2026-2-15',115,615,60017);



-- GRP6_____PAYMENT_RECEIPT

insert into grp6_____payment_receipt values(6401,'2020-12-11',100,6301,601);
insert into grp6_____payment_receipt values(6402,'2021-9-10',150,6302,602);
insert into grp6_____payment_receipt values(6403,'2022-8-21',100,6303,603);
insert into grp6_____payment_receipt values(6404,'2023-4-24',120,6304,604);
insert into grp6_____payment_receipt values(6405,'2024-2-1',150,6305,605);
insert into grp6_____payment_receipt values(6406,'2025-1-1',200,6306,606);
insert into grp6_____payment_receipt values(6407,'2021-1-18',250,6307,607);
insert into grp6_____payment_receipt values(6408,'2024-2-17',300,6308,608);
insert into grp6_____payment_receipt values(6409,'2023-7-31',100,6309,609);
insert into grp6_____payment_receipt values(6410,'2026-6-21',120,6310,610);
insert into grp6_____payment_receipt values(6411,'2025-5-18',150,6311,611);
insert into grp6_____payment_receipt values(6412,'2022-10-14',200,6312,612);
insert into grp6_____payment_receipt values(6413,'2020-11-1',250,6313,613);
insert into grp6_____payment_receipt values(6414,'2024-3-19',180,6314,614);
insert into grp6_____payment_receipt values(6415,'2026-2-15',180,6315,615);



-- GRP6_____APPLICATION_FOR_INSURANCE_POLICY

insert into grp6_____application_for_insurance_claim values(6501,60001,'Pending','Medical payment coverage',601);
insert into grp6_____application_for_insurance_claim values(6502,60002,'Acccepted','Comprehensive coverage',602);
insert into grp6_____application_for_insurance_claim values(6503,60003,'Pending','liability coverage',603);
insert into grp6_____application_for_insurance_claim values(6504,60004,'Pending','Collision coverage',604);
insert into grp6_____application_for_insurance_claim values(6505,60005,'Accepted','Medical payment coverage',605);
insert into grp6_____application_for_insurance_claim values(6506,60006,'Accepted','Comprehensive',606);
insert into grp6_____application_for_insurance_claim values(6507,60007,'Pending','Collision coverage',607);
insert into grp6_____application_for_insurance_claim values(6508,60008,'Pending','liability coverage',608);
insert into grp6_____application_for_insurance_claim values(6509,60009,'Accepted','Comprehensive coverage',609);
insert into grp6_____application_for_insurance_claim values(6510,60010,'Pending','Personal Injury Protection',610);
insert into grp6_____application_for_insurance_claim values(6511,60011,'Pending','Comprehensive coverage',611);
insert into grp6_____application_for_insurance_claim values(6512,60012,'Pending','liability coverage',612);
insert into grp6_____application_for_insurance_claim values(6513,60013,'Accepted','Personal Injury Protection',613);
insert into grp6_____application_for_insurance_claim values(6514,60014,'Accepted','Collision coverage',614);
insert into grp6_____application_for_insurance_claim values(6515,60015,'Accepted','Medical payment coverage',615);




-- GRP6_____INSURANCE_POLICY

insert into grp6_____insurance_policy values(6601,'cliam department',60000001,'2020-6-8','2025-6-5','You will get refund and cancellation',6501,601);
INSERT INTO GRP6_____INSURANCE_POLICY  VALUES ('6602','Legal department',60000002,'2002/11/03','2011/12/03','No warranty','6502','602' );
INSERT INTO GRP6_____INSURANCE_POLICY  VALUES ('6603','cliam department','60000003','2002/11/03','2011/12/03','You will get refund and cancellation No warranty','6503','603' );
INSERT INTO GRP6_____INSURANCE_POLICY  VALUES ('6604','Legal department','60000004','2003-11-05','2015-11-04','You will get refund and cancellation No warranty','6503','604' );
INSERT INTO GRP6_____INSURANCE_POLICY  VALUES ('6605','Audit department','60000005','2004/12/07','2017/1/11','You will get refund and cancellation No warranty','6504','605' );
INSERT INTO GRP6_____INSURANCE_POLICY  VALUES ('6606','cliam department','60000006','2002/2/03','2012/6/07','You will get refund and cancellation No warranty','6506','606' );
INSERT INTO GRP6_____INSURANCE_POLICY  VALUES ('6607','Audit department','60000007','2001/8/11','2011/3/02','You will get refund and cancellation No warranty','6507','607' );
INSERT INTO GRP6_____INSURANCE_POLICY  VALUES ('6608','Legal department','60000008','2002/5/08','2014/9/01','You will get refund and cancellation No warranty','6508','608' );
INSERT INTO GRP6_____INSURANCE_POLICY  VALUES ('6609','Audit department','60000009','2003/6/05','2011/10/05','You will get refund and cancellation No warranty','6509','609' );
INSERT INTO GRP6_____INSURANCE_POLICY  VALUES ('6610','cliam departmen','600000010','2004/2/07','2018/10/04','You will get refund and cancellation No warranty','6510','610' );
INSERT INTO GRP6_____INSURANCE_POLICY  VALUES ('6611','Legal department','600000011','2002/1/03','2019/12/08','You will get refund and cancellation No warranty','6511','611' );
INSERT INTO GRP6_____INSURANCE_POLICY  VALUES ('6612','cliam departmen','600000012','2001/3/12','2013/3/09','You will get refund and cancellation No warranty','6512','612' );
INSERT INTO GRP6_____INSURANCE_POLICY  VALUES ('6613','Legal department','600000013','2001/8/11','2011/3/02','You will get refund and cancellation No warranty','6513','613' );
INSERT INTO GRP6_____INSURANCE_POLICY  VALUES ('6614','audit department','600000014','2011/7/11','2021/4/11','You will get refund and cancellation No warranty','6514','614' );
INSERT INTO GRP6_____INSURANCE_POLICY  VALUES ('6615','Legal department','600000015','2003/3/12','2013/9/01','You will get refund and cancellation No warranty','6515','615' );



-- GRP6_____POLICY_RENEWABLE

INSERT INTO GRP6_____policy_renewable  VALUES ( '6701',12/3/2020,'standard','6601','6501','601');
INSERT INTO GRP6_____policy_renewable  VALUES ( '6702',18/3/2021,'standard','6602','6502','602');
INSERT INTO GRP6_____policy_renewable  VALUES ( '6703',30/3/2024,'premium','6603','6503','603');
INSERT INTO GRP6_____policy_renewable  VALUES ( '6704',19/6/2020,'premium','6604','6504','604');
INSERT INTO GRP6_____policy_renewable  VALUES ( '6705',12/9/2019,'standard','6605','6505','605');
INSERT INTO GRP6_____policy_renewable  VALUES ( '6706',19/3/2020,'standard','6606','6506','606');
INSERT INTO GRP6_____policy_renewable  VALUES ( '6707',2/4/2024,'standard','6607','6507','607');
INSERT INTO GRP6_____policy_renewable  VALUES ( '6708',21/8/2021,'premium','6608','6508','608');
INSERT INTO GRP6_____policy_renewable  VALUES ( '6709',12/7/2019,'premium','6609','6509','609');
INSERT INTO GRP6_____policy_renewable  VALUES ( '6710',18/9/2020,'standard','6610','6510','610');
INSERT INTO GRP6_____policy_renewable  VALUES ( '6711',18/9/2020,'standard','6611','6511','611');
INSERT INTO GRP6_____policy_renewable  VALUES ( '6712',18/9/2020,'premium','6612','6512','612');
INSERT INTO GRP6_____policy_renewable  VALUES ( '6713',18/9/2020,'standard','6613','6513','613');
INSERT INTO GRP6_____policy_renewable  VALUES ( '6714',18/9/2020,'premium','6614','6514','614');
INSERT INTO GRP6_____policy_renewable  VALUES ( '6715',18/9/2020,'standard','6615','6515','615');



-- GRP6_____INSURANCE_MEMBERSHIP

INSERT INTO  GRP6_____Insurance_membership  VALUES ( '6801','standard',951357468,'601');
INSERT INTO  GRP6_____Insurance_membership  VALUES ( '6802','standard','951357468','602');
INSERT INTO  GRP6_____Insurance_membership  VALUES ( '6803','premium','951357468','603');
INSERT INTO  GRP6_____Insurance_membership  VALUES ( '6804','premium','951357468','604');
INSERT INTO  GRP6_____Insurance_membership  VALUES ( '6805','standard','951357468','605');
INSERT INTO  GRP6_____Insurance_membership  VALUES ( '6806','standard','951357468','606');
INSERT INTO  GRP6_____Insurance_membership  VALUES ( '6807','standard','951357468','607');
INSERT INTO  GRP6_____Insurance_membership  VALUES ( '6808','premium','951357468','608');
INSERT INTO  GRP6_____Insurance_membership  VALUES ( '6809','premium','951357468','609');
INSERT INTO  GRP6_____Insurance_membership  VALUES ( '6810','standard','951357468','610');
INSERT INTO  GRP6_____Insurance_membership  VALUES ( '6811','standard','951357468','611');
INSERT INTO  GRP6_____Insurance_membership  VALUES ( '6812','premium','951357468','612');
INSERT INTO  GRP6_____Insurance_membership  VALUES ( '6813','standard','951357468','613');
INSERT INTO  GRP6_____Insurance_membership  VALUES ( '6814','premium','951357468','614');
INSERT INTO  GRP6_____Insurance_membership  VALUES ( '6815','standard','951357468','615');


-- GRP6_____COMPANY_STAFF

INSERT INTO  GRP6_____Company_STAFF  VALUES ( '6901','daniel','joseph','male','30','942404846','Banglore','6201');
INSERT INTO  GRP6_____Company_STAFF  VALUES ( '6902','daniel','joseph','male','30','942404846','Banglore','6202');
INSERT INTO  GRP6_____Company_STAFF  VALUES ( '6903','daniel','joseph','male','30','942404846','Banglore','6203');
INSERT INTO  GRP6_____Company_STAFF  VALUES ( '6904','abhishek','abhi','male','26','834601846','Banglore','6204');
INSERT INTO  GRP6_____Company_STAFF  VALUES ( '6915','james','M','male','35','985632147','Banglore','6205');
INSERT INTO  GRP6_____Company_STAFF  VALUES ( '6905','sonakshi','bhat','female','28','793280109','Mysore','6206');
INSERT INTO  GRP6_____Company_STAFF  VALUES ( '6906','sonakshi','bhat','female','28','793282109','Mysore','6207');
INSERT INTO  GRP6_____Company_STAFF  VALUES ( '6907','sonakshi','bhat','female','28','793202109','Mysore','6208');
INSERT INTO  GRP6_____Company_STAFF  VALUES ( '6908','sonakshi','bhat','female','28','793202109','Mysore','6209');
INSERT INTO  GRP6_____Company_STAFF  VALUES ( '6909','lauren','tyler','female','26','906478761','Banglore','6210');
INSERT INTO  GRP6_____Company_STAFF  VALUES ( '6910','lauren','tyler','female','26','906478761','Banglore','6211');
INSERT INTO  GRP6_____Company_STAFF  VALUES ( '6911','lauren','tyler','female','26','906478761','Banglore','6212');
INSERT INTO  GRP6_____Company_STAFF  VALUES ( '6912','lauren','tyler','female','26','906478761','Banglore','6213');




-- GR[6_____PRODUCTS_DETAILS

INSERT INTO  GRP6_____products_details  VALUES ('66601','14999','bumper tyres exhaust','6201');
INSERT INTO  GRP6_____products_details  VALUES ('66602','14999','bumper tyres exhaust','6202');
INSERT INTO  GRP6_____products_details  VALUES ('66603','14999','bumper tyres exhaust','6203');
INSERT INTO  GRP6_____products_details  VALUES ('66604','12999','exhaust rims suspension','6204');
INSERT INTO  GRP6_____products_details  VALUES ('66605','3999','rims aircondition windshield','6206');
INSERT INTO  GRP6_____products_details  VALUES ('66606','3999','rims aircondition windshield','6207');
INSERT INTO  GRP6_____products_details  VALUES ('66607','3999','rims aircondition windshield','6208');
INSERT INTO  GRP6_____products_details  VALUES ('66608','3999','rims aircondition windshield','6209');
INSERT INTO  GRP6_____products_details  VALUES ('66609','27999','headlights suspension','6210');
INSERT INTO  GRP6_____products_details  VALUES ('66610','27999','headlights suspension','6211');
INSERT INTO  GRP6_____products_details  VALUES ('66611','27999','headlights suspension','6212');
INSERT INTO  GRP6_____products_details  VALUES ('66612','27999','headlights suspension','6213');
INSERT INTO  GRP6_____products_details  VALUES ('66613','24999','windshield exhaust','6214');
INSERT INTO  GRP6_____products_details  VALUES ('66614','29999','suspension rims','6215');
INSERT INTO  GRP6_____products_details  VALUES ('66615','59999','Engine suspension rims','6205');



-- GRP6_____COVERAGE

INSERT INTO  GRP6_____Coverage  VALUES ( '666101','200000000','Premium','Claimed','company Bear your car repair expenses after the accident','66601','6201' );
INSERT INTO  GRP6_____Coverage  VALUES ( '666102','200000000','Premium','Not Claimed','company Bear your car repair expenses after the accident','66602','6202' );
INSERT INTO  GRP6_____Coverage  VALUES ( '666103','60000000','Standard','Claimed','Company returns your insurance money','66603','6203' );
INSERT INTO  GRP6_____Coverage  VALUES ( '666104','100000000','Premium','Not Claimed','company Bear your car repair expenses after the accident','66604','6204' );
INSERT INTO  GRP6_____Coverage  VALUES ( '666105','10000000','Premium','Not Claimed','company Bear your car repair expenses after the accident','66605','6206' );
INSERT INTO  GRP6_____Coverage  VALUES ( '666106','10000000','Premium','Claimed','company Bear your car repair expenses after the accident','66606','6207' );
INSERT INTO  GRP6_____Coverage  VALUES ( '666107','150000000','Standard','Claimed','Company returns your insurance money','66607','6208' );
INSERT INTO  GRP6_____Coverage  VALUES ('666108','150000000','Standard','Not Claimed','Company returns your insurance money','66608','6209' );
INSERT INTO  GRP6_____Coverage  VALUES ( '666109','120000000','Standard','Not Claimed','Company returns your insurance money','66609','6210' );
INSERT INTO  GRP6_____Coverage  VALUES ( '666110','100000000','Premium',' Claimed','company bear your car repair expenses after the accident','66610','6211' );
INSERT INTO  GRP6_____Coverage  VALUES ( '666111','100000000','Premium',' Not Claimed','company bear your car repair expenses after the acciden','66611','6212' );
INSERT INTO  GRP6_____Coverage  VALUES ( '666112','120000000','standard','Claimed','Company returns your insurance money','66612','6213' );
INSERT INTO  GRP6_____Coverage  VALUES ( '666113','200000000','Premium',' Not Claimed','company bear your car repair expenses after the acciden','66613','6214' );
INSERT INTO  GRP6_____Coverage  VALUES ( '666114','250000000','standard','Claimed','Company returns your insurance money','66614','6215' );
INSERT INTO  GRP6_____Coverage  VALUES ( '666115','200000000','standard','Claimed','Company returns your insurance money','66615','6205' );



-- GRP6_____POLICY_COVERAGE

INSERT INTO  GRP6_____Policy_coverage  VALUES ( '6601','6501',601,'666101','6201' );
INSERT INTO  GRP6_____Policy_coverage  VALUES ( '6602','6502',602,'666102','6202' );
INSERT INTO  GRP6_____Policy_coverage  VALUES ( '6603','6503',603,'666103','6203' );
INSERT INTO  GRP6_____Policy_coverage  VALUES ( '6604','6504',604,'666104','6204' );
INSERT INTO  GRP6_____Policy_coverage  VALUES ( '6604','6505',605,'666115','6205' );
INSERT INTO  GRP6_____Policy_coverage  VALUES ( '6606','6506',606,'666105','6206' );
INSERT INTO  GRP6_____Policy_coverage  VALUES ( '6607','6507',607,'666106','6207' );
INSERT INTO  GRP6_____Policy_coverage  VALUES ( '6608','6508',608,'666107','6208' );
INSERT INTO  GRP6_____Policy_coverage  VALUES ( '6609','6509',609,'666108','6209' );
INSERT INTO  GRP6_____Policy_coverage  VALUES ( '6610','6510',610,'666109','6210' );
INSERT INTO  GRP6_____Policy_coverage  VALUES ( '6611','6511',611,'666110','6211' );
INSERT INTO  GRP6_____Policy_coverage  VALUES ( '6612','6512',612,'666111','6212' );
INSERT INTO  GRP6_____Policy_coverage  VALUES ( '6613','6513',613,'666112','6213' );
INSERT INTO  GRP6_____Policy_coverage  VALUES ( '6614','6514',614,'666113','6214' );
INSERT INTO  GRP6_____Policy_coverage  VALUES ( '6615','6515',615,'666114','6215' );



-- GRP6_____POLICY_CLAIM

INSERT INTO  GRP6____policy_claim  VALUES ( '666201','61','1000000000','2019-2-11','Claimed',601,'60000' );
INSERT INTO  GRP6____policy_claim  VALUES ( '666202','62','0','2020-2-11','Not Claimed',602,'61000' );
INSERT INTO  GRP6____policy_claim  VALUES ( '666203','63','2000000000','2020-7-04','Claimed',603,'62000' );
INSERT INTO  GRP6____policy_claim  VALUES ( '666204','64','0','2020-03-06',' not Claimed',603,'63000' );
INSERT INTO  GRP6____policy_claim  VALUES ( '666205','65','11000000000','2020-3-07','Pending',602,'64000' );
INSERT INTO  GRP6____policy_claim  VALUES ( '666206','66','10000000000','2020-5-01','Claimed',606,'65000' ); 
INSERT INTO  GRP6____policy_claim  VALUES ( '666207','67','0','2020-1-03','  Not Claimed',607,'66000' );
INSERT INTO  GRP6____policy_claim  VALUES ( '666208','68','0','2019-4-05','Pending',608,'67000' );
INSERT INTO  GRP6____policy_claim  VALUES ( '666209','69','6000000000','2019-07-10','Claimed',609,'68000' );
INSERT INTO  GRP6____policy_claim  VALUES ( '666210','660','11000000000','2020-12-24','Claimed',610,'69000' );
INSERT INTO  GRP6____policy_claim  VALUES ( '666211','661','0','2020-10-14','not Claimed',611,'610000' );
INSERT INTO  GRP6____policy_claim  VALUES ( '666212','662','1100000000','2020-4-17','Claimed',612,'611000' );
INSERT INTO  GRP6____policy_claim  VALUES ( '666213','663','0','2020-5-16','Pending',613,'612000' );
INSERT INTO  GRP6____policy_claim  VALUES ( '666214','664','11000000000','2020-1-26','Pending',614,'613000');
INSERT INTO  GRP6____policy_claim  VALUES ( '666215','665','0','2029-8-06','not Claimed',615,'614000' );



-- GRP6_____CLAIM_SETTLEMENT

insert into grp6_____claim_settlement values('666301',60001,'2020-5-5',200000000,200000000,601,60000,666201);
insert into grp6_____claim_settlement values(666302,60002,'2020-6-8',200000000,200000000,602,61000,666202);
insert into grp6_____claim_settlement values(666303,60003,'2020-7-3',700000000,60000000,603,62000,666203);
insert into grp6_____claim_settlement values(666304,60004,'2020-4-4',200000000,10000000,603,63000,666204);
insert into grp6_____claim_settlement values(666305,60005,'2020-2-10',200000000,10000000,602,64000,666205);
insert into grp6_____claim_settlement values(666306,60006,'2020-1-11',2000000000,150000000,606,65000,666206);
insert into grp6_____claim_settlement values(666307,60007,'2020-9-14',2000000000,150000000,607,66000,666207);
insert into grp6_____claim_settlement values(666308,60008,'2020-5-17',2000000000,150000000,608,67000,666208);
insert into grp6_____claim_settlement values(666309,60009,'2020-10-28',200000000,120000000,609,68000,666209);
insert into grp6_____claim_settlement values(666310,60010,'2020-11-25',200000000,100000000,610,69000,666210);
insert into grp6_____claim_settlement values(666311,60011,'2020-12-1',2000000000,100000000,611,610000,666211);
insert into grp6_____claim_settlement values(666312,60012,'2020-10-5',200000000,120000000,612,611000,666212);
insert into grp6_____claim_settlement values(666313,600013,'2020-8-15',200000000,200000000,613,612000,666213);
insert into grp6_____claim_settlement values(666314,60014,'2020-8-04',3500000000,250000000,614,613000,666214);
insert into grp6_____claim_settlement values(666315,60015,'2020-5-27',2100000,2000000,615,614000,666215);

-- GRP6_____OFFICE

insert into grp6_____office values ('AAA','Prashanth',9996663214,'udupi,Karnataka','abhi','Legal department and claim department',6000001,6201);
insert into grp6_____office values ('BBB','Prashanth',9996663214,'karwar,karnataka','abhi','Legal department and claim department',6000002,6202);
insert into grp6_____office values ('CCC','Prashanth',9996663214,'Banglore,karnataka','abhi','Legal department and claim department',6000003,6203);
insert into grp6_____office values ('DDD','RAM',7896541230,'MYSORE,karnataka','ROY','claim department',6000004,6204);
insert into grp6_____office values ('EEE','Prashanth',8529637410,'Vizag,Andra','SHYAM','Medical department',6000005,6205);
insert into grp6_____office values ('FFF','JAYA',963512478,'pune,Maharastra','Raj','claim department and legal department',6000006,6206);
insert into grp6_____office values ('GGG','JAYA',963512478,'andheri,Maharastra','Raj','claim department and legal department',6000007,6207);
insert into grp6_____office values ('HHH','JAYA',963512478,'mumbai,Maharastra','Raj','claim department and legal department',6000008,6208);
insert into grp6_____office values ('III','JAYA',963512478,'mumbai,Maharastra','Raj','claim department and legal department',6000009,6209);



ALTER TABLE grp6_____department ADD NO_OF_DEPARTMENTS INT;
ALTER TABLE grp6_____department ADD LOCATION VARCHAR(30) ;
ALTER TABLE   grp6_____products_details ADD  NO_OF_PRODUCTS VARCHAR(30) ;

UPDATE grp6_____products_details SET NO_OF_PRODUCTS=10 WHERE Product_Number = 66601;
UPDATE grp6_____products_details SET NO_OF_PRODUCTS=11 WHERE Product_Number = 66602;
UPDATE grp6_____products_details SET NO_OF_PRODUCTS=0 WHERE Product_Number = 66603;
UPDATE grp6_____products_details SET NO_OF_PRODUCTS=20 WHERE Product_Number = 66604;
UPDATE grp6_____products_details SET NO_OF_PRODUCTS=30 WHERE Product_Number = 66605;
UPDATE grp6_____products_details SET NO_OF_PRODUCTS=14 WHERE Product_Number = 66606;
UPDATE grp6_____products_details SET NO_OF_PRODUCTS=50 WHERE Product_Number = 66607;
UPDATE grp6_____products_details SET NO_OF_PRODUCTS=4 WHERE Product_Number = 66608;
UPDATE grp6_____products_details SET NO_OF_PRODUCTS=100 WHERE Product_Number = 66609;
UPDATE grp6_____products_details SET NO_OF_PRODUCTS=23 WHERE Product_Number = 66610;
UPDATE grp6_____products_details SET NO_OF_PRODUCTS=12 WHERE Product_Number = 66611;
UPDATE grp6_____products_details SET NO_OF_PRODUCTS= 8 WHERE Product_Number = 66612;
UPDATE grp6_____products_details SET NO_OF_PRODUCTS=23 WHERE Product_Number = 66613;
UPDATE grp6_____products_details SET NO_OF_PRODUCTS=2 WHERE Product_Number = 66614;
UPDATE grp6_____products_details SET NO_OF_PRODUCTS=5 WHERE Product_Number = 66615;


UPDATE grp6_____department SET  NO_OF_DEPARTMENTS = 5  WHERE DEPARTMENT_ID =6000001;
UPDATE grp6_____department SET  NO_OF_DEPARTMENTS = 10  WHERE DEPARTMENT_ID =6000002;
UPDATE grp6_____department SET  NO_OF_DEPARTMENTS = 20 WHERE DEPARTMENT_ID =6000003;
UPDATE grp6_____department SET  NO_OF_DEPARTMENTS = 10  WHERE DEPARTMENT_ID =6000004;
UPDATE grp6_____department SET  NO_OF_DEPARTMENTS = 1  WHERE DEPARTMENT_ID =6000005;
UPDATE grp6_____department SET  NO_OF_DEPARTMENTS = 24  WHERE DEPARTMENT_ID =6000006;
UPDATE grp6_____department SET  NO_OF_DEPARTMENTS = 50  WHERE DEPARTMENT_ID =6000007;
UPDATE grp6_____department SET  NO_OF_DEPARTMENTS = 35  WHERE DEPARTMENT_ID =6000008;
UPDATE grp6_____department SET  NO_OF_DEPARTMENTS = 14  WHERE DEPARTMENT_ID =6000009;
UPDATE grp6_____department SET  NO_OF_DEPARTMENTS = 27  WHERE DEPARTMENT_ID =60000010;
UPDATE grp6_____department SET  NO_OF_DEPARTMENTS = 60 WHERE DEPARTMENT_ID =60000011;
UPDATE grp6_____department SET  NO_OF_DEPARTMENTS = 28 WHERE DEPARTMENT_ID =60000012;
UPDATE grp6_____department SET  NO_OF_DEPARTMENTS = 5 WHERE DEPARTMENT_ID =60000013;
UPDATE grp6_____department SET  NO_OF_DEPARTMENTS = 7  WHERE DEPARTMENT_ID =60000014;
UPDATE grp6_____department SET  NO_OF_DEPARTMENTS = 100  WHERE DEPARTMENT_ID =60000015;




UPDATE grp6_____department SET  LOCATION = 'BANGALORE'  WHERE DEPARTMENT_ID =6000001;
UPDATE grp6_____department SET  LOCATION = 'HUBLI'  WHERE DEPARTMENT_ID =6000002;
UPDATE grp6_____department SET  LOCATION = 'MYSORE'  WHERE DEPARTMENT_ID =6000003;
UPDATE grp6_____department SET  LOCATION = 'BELGAUM'  WHERE DEPARTMENT_ID =6000004;
UPDATE grp6_____department SET  LOCATION = 'TUMKUR'  WHERE DEPARTMENT_ID =6000005;
UPDATE grp6_____department SET  LOCATION = 'KODAGU'  WHERE DEPARTMENT_ID =6000006;
UPDATE grp6_____department SET  LOCATION = 'CHIKKABALPURA'  WHERE DEPARTMENT_ID =6000007;
UPDATE grp6_____department SET  LOCATION = 'KOLAR'  WHERE DEPARTMENT_ID =6000008;
UPDATE grp6_____department SET  LOCATION = 'RAICHUR'  WHERE DEPARTMENT_ID =6000009;
UPDATE grp6_____department SET  LOCATION = 'DELHI'  WHERE DEPARTMENT_ID =60000010;
UPDATE grp6_____department SET  LOCATION = 'DELHI'  WHERE DEPARTMENT_ID =60000011;
UPDATE grp6_____department SET  LOCATION = 'HYDERABAD'  WHERE DEPARTMENT_ID =60000012;
UPDATE grp6_____department SET  LOCATION = 'HYDERABAD'  WHERE DEPARTMENT_ID =60000013;
UPDATE grp6_____department SET  LOCATION = 'CHENNAI'  WHERE DEPARTMENT_ID =60000014;
UPDATE grp6_____department SET  LOCATION = 'KOCHI'  WHERE DEPARTMENT_ID =60000015;


